ProfessorNom,ProfessorQuantitatGraus,ProfessorQuantitatAssignatures,AssignaturaProfessorPes,gei,gemcd,gext,gesa,gei_gemcd,gei_gext,gei_gesa,gemcd_gext,gemcd_gesa,gesa_gext,gei_gemcd_gext,gei_gemcd_gesa,gei_gesa_gext,gemcd_gesa_gext,gei_gemcd_gesa_gext
Abdussalam Alajami,4,1,2,2,2,2,2,2,2,2,2,2,2,2,2,2,2,2
Abolfazl Mohammadi Seif,1,1,1,0,1,0,0,1,0,0,1,1,0,1,1,0,1,1
Adriano Pastore,4,3,3,1,2,3,2,2,3,2,3,3,3,3,3,3,3,3
Adrián Garcia Riber,1,1,2,0,0,0,2,0,0,2,0,2,2,0,2,2,2,2
Ahana Deb,4,2,2,2,1,1,1,2,2,2,1,1,1,2,2,2,1,2
Alan Tapscott Baltar,1,1,1,1,0,0,0,1,1,1,0,0,0,1,1,1,0,1
Albert Domingo Vilar,3,1,2,0,2,2,2,2,2,2,2,2,2,2,2,2,2,2
Albert Hernansanz Prats,2,1,3,3,3,0,0,3,3,3,3,3,0,3,3,3,3,3
Alejandro Castel de la Torre,3,1,1,1,1,1,0,1,1,1,1,1,1,1,1,1,1,1
Alejandro Oller Artigas,3,1,1,0,1,1,1,1,1,1,1,1,1,1,1,1,1,1
Alejandro Rodriguez Corrales,3,1,1,1,1,0,1,1,1,1,1,1,1,1,1,1,1,1
Alexandre Dominguez Clarimon,4,1,2,2,2,2,2,2,2,2,2,2,2,2,2,2,2,2
Alfonso Martínez Vicente,4,3,8,3,3,8,8,3,8,8,8,8,8,8,8,8,8,8
Alvaro Jose Bocanegra Perez,4,1,1,1,1,1,1,1,1,1,1,1,1,1,1,1,1,1
Anders Jonsson,4,2,6,6,3,3,3,6,6,6,3,3,3,6,6,6,3,6
Andrea Pizzo,4,1,1,1,1,1,1,1,1,1,1,1,1,1,1,1,1,1
Andreas Kaltenbrunner,1,1,2,0,2,0,0,2,0,0,2,2,0,2,2,0,2,2
Andy Luis Olivares Miyares,4,1,2,2,2,2,2,2,2,2,2,2,2,2,2,2,2,2
Antoine Jeanjacques Nathan Moulin,4,2,2,2,2,1,1,2,2,2,2,2,1,2,2,2,2,2
Antonia Micol Frassino,4,1,1,1,1,1,1,1,1,1,1,1,1,1,1,1,1,1
Antonio Lobo Santos,1,1,3,0,3,0,0,3,0,0,3,3,0,3,3,0,3,3
Antonio Lunar Mauri,1,1,3,3,0,0,0,3,3,3,0,0,0,3,3,3,0,3
Aravindh Raman,4,1,1,1,1,1,1,1,1,1,1,1,1,1,1,1,1,1
Ariel Orlando Ortiz Beltran,4,1,2,2,2,2,2,2,2,2,2,2,2,2,2,2,2,2
Arnau Blanco Borrego,4,1,1,1,1,1,1,1,1,1,1,1,1,1,1,1,1,1
Arnau Colom Pasqual de Riquelme,3,2,2,1,1,0,2,1,1,2,1,2,2,1,2,2,2,2
Aureliano Santiago Perez Garzon,4,1,1,1,1,1,1,1,1,1,1,1,1,1,1,1,1,1
Aurelio Ruiz Garcia,4,1,1,1,1,1,1,1,1,1,1,1,1,1,1,1,1,1
Ayose Iturralde Valencia,4,2,2,2,2,1,1,2,2,2,2,2,1,2,2,2,2,2
Bart Bijnens,1,1,4,0,0,0,4,0,0,4,0,4,4,0,4,4,4,4
Behzad Haki,4,1,1,1,1,1,1,1,1,1,1,1,1,1,1,1,1,1
Berta Benet Cugat,4,2,2,2,2,2,2,2,2,2,2,2,2,2,2,2,2,2
Blazej Tadeusz Kotowski,1,2,2,0,0,0,2,0,0,2,0,2,2,0,2,2,2,2
Boris Bellalta Jiménez,3,3,9,0,1,9,1,1,9,1,9,1,9,9,1,9,9,9
Carla Ràfols Salvador,4,2,5,5,5,5,3,5,5,5,5,5,5,5,5,5,5,5
Carles Soler Puig,3,1,2,0,2,2,2,2,2,2,2,2,2,2,2,2,2,2
Carlos Bock Montero,1,1,2,0,0,2,0,0,2,0,2,0,2,2,0,2,2,2
Carlos Castillo,1,2,6,0,6,0,0,6,0,0,6,6,0,6,6,0,6,6
Carlos Eduardo Ruiz Wills,4,2,2,2,2,2,2,2,2,2,2,2,2,2,2,2,2,2
Carlos Gasch Malaret,3,1,1,0,1,1,1,1,1,1,1,1,1,1,1,1,1,1
Carlos Giraldos Blas,4,1,1,1,1,1,1,1,1,1,1,1,1,1,1,1,1,1
Carlos Pacha Vicente,3,1,1,0,1,1,1,1,1,1,1,1,1,1,1,1,1,1
Chema Martínez Revellado,3,1,1,0,1,1,1,1,1,1,1,1,1,1,1,1,1,1
Chiara Mastrogiuseppe,4,1,1,1,1,1,1,1,1,1,1,1,1,1,1,1,1,1
Coloma Maria Ballester Nicolau,3,2,5,0,2,2,3,2,2,3,2,5,5,2,5,5,5,5
Costas Michaelides,4,1,2,2,2,2,2,2,2,2,2,2,2,2,2,2,2,2
Cristian Daniel Gonzalez,4,3,3,3,2,2,2,3,3,3,2,2,2,3,3,3,2,3
Cristina Cano Bastidas,4,1,1,1,1,1,1,1,1,1,1,1,1,1,1,1,1,1
Daniel Esono Ferrer,3,2,3,0,1,3,1,1,3,1,3,1,3,3,1,3,3,3
Daniel Gómez Marín,4,1,1,1,1,1,1,1,1,1,1,1,1,1,1,1,1,1
Daniel Naro,4,1,1,1,1,1,1,1,1,1,1,1,1,1,1,1,1,1
Daniel Santos Olivan,2,1,1,1,1,0,0,1,1,1,1,1,0,1,1,1,1,1
David Llanos Santos,4,2,3,1,1,3,1,1,3,1,3,1,3,3,1,3,3,3
David Núñez Cuadrado,4,1,1,1,1,1,1,1,1,1,1,1,1,1,1,1,1,1
Davinia Hernández Leo,4,2,4,2,2,4,2,2,4,2,4,2,4,4,2,4,4,4
Diego de Estrada Rustan,3,1,1,1,1,1,0,1,1,1,1,1,1,1,1,1,1,1
Dolors Sala Batlle,2,3,9,5,0,4,0,5,9,5,4,0,4,9,5,9,4,9
Eider Lumi Perez Ordoyo Bellido,4,1,1,1,1,1,1,1,1,1,1,1,1,1,1,1,1,1
Elisabet Duocastella Pla,3,1,2,0,2,2,2,2,2,2,2,2,2,2,2,2,2,2
Elvira Garcia Guzman,1,1,1,0,0,0,1,0,0,1,0,1,1,0,1,1,1,1
Emily Theophilou,1,1,1,1,0,0,0,1,1,1,0,0,0,1,1,1,0,1
Emma Fraxanet Morales,4,2,3,1,3,1,1,3,1,1,3,3,1,3,3,1,3,3
Enric Peig Olivé,4,3,4,4,4,4,4,4,4,4,4,4,4,4,4,4,4,4
Estefano Matias Muñoz Moya ,4,1,1,1,1,1,1,1,1,1,1,1,1,1,1,1,1,1
Eva Casoni Rero,4,1,2,2,2,2,2,2,2,2,2,2,2,2,2,2,2,2
Eva Valls Garolera,4,2,3,3,3,1,3,3,3,3,3,3,3,3,3,3,3,3
Evarist Perez Pastora,3,1,1,0,1,1,1,1,1,1,1,1,1,1,1,1,1,1
Federico Heras Viaga,4,1,2,2,2,2,2,2,2,2,2,2,2,2,2,2,2,2
Federico Mateo Sukno,2,3,6,0,3,0,3,3,0,3,3,6,3,3,6,3,6,6
Francesc Xavier Serra Casals,4,3,7,3,3,3,7,3,3,7,3,7,7,3,7,7,7,7
Francis Kiptengwer Chemorion,4,1,1,1,1,1,1,1,1,1,1,1,1,1,1,1,1,1
Francisco Javier Brines Garcia,1,2,5,0,0,0,5,0,0,5,0,5,5,0,5,5,5,5
Gabriel Bernardino Pérez,3,1,3,3,3,3,0,3,3,3,3,3,3,3,3,3,3,3
Gemma Piella Fenoy,1,1,1,0,1,0,0,1,0,0,1,1,0,1,1,0,1,1
Genis Margarit Contel,1,1,1,0,0,1,0,0,1,0,1,0,1,1,0,1,1,1
Genís Plaja Roglans,1,1,1,0,0,0,1,0,0,1,0,1,1,0,1,1,1,1
Gerard Llorach Tó,3,1,1,1,1,0,1,1,1,1,1,1,1,1,1,1,1,1
Gerard Marti Juan,4,1,1,1,1,1,1,1,1,1,1,1,1,1,1,1,1,1
Gergely Neu,2,1,1,0,1,1,0,1,1,0,1,1,1,1,1,1,1,1
Giovanni Geraci,2,1,4,0,0,4,4,0,4,4,4,4,4,4,4,4,4,4
Giuseppe Cocco,4,2,2,1,1,2,2,1,2,2,2,2,2,2,2,2,2,2
Gloria Haro Ortega,4,2,5,2,2,2,5,2,2,5,2,5,5,2,5,5,5,5
Guillem Casacuberta Postils,4,1,1,1,1,1,1,1,1,1,1,1,1,1,1,1,1,1
Guillermo Javier Zeller Sancho,4,3,4,4,1,1,1,4,4,4,1,1,1,4,4,4,1,4
Gustavo Ricardo Deco,1,1,2,0,0,0,2,0,0,2,0,2,2,0,2,2,2,2
Hadrien Calmet,4,1,1,1,1,1,1,1,1,1,1,1,1,1,1,1,1,1
Horacio Saggion,4,2,6,6,2,2,2,6,6,6,2,2,2,6,6,6,2,6
Ignacio Celis,4,1,2,2,2,2,2,2,2,2,2,2,2,2,2,2,2,2
Jacopo D'Ignazi,1,1,2,0,2,0,0,2,0,0,2,2,0,2,2,0,2,2
Jacopo Epifanio,4,1,1,1,1,1,1,1,1,1,1,1,1,1,1,1,1,1
Javier Alejandro Galadí Garcia,4,2,5,2,2,2,5,2,2,5,2,5,5,2,5,5,5,5
Javier Segovia Aguas,4,1,3,3,3,3,3,3,3,3,3,3,3,3,3,3,3,3
Jesus Roberto Sanchez Reina,4,1,1,1,1,1,1,1,1,1,1,1,1,1,1,1,1,1
Joan Antoni Melia Segui,4,1,1,1,1,1,1,1,1,1,1,1,1,1,1,1,1,1
Jordi Bonastre Muñoz,4,3,6,6,6,5,5,6,6,6,6,6,5,6,6,6,6,6
Jordi Bosch Garcia,4,1,1,1,1,1,1,1,1,1,1,1,1,1,1,1,1,1
Jordi Taixés Ventosa,4,4,9,9,9,9,9,9,9,9,9,9,9,9,9,9,9,9
Jorge Augusto Saldivar Gallí,1,1,1,0,1,0,0,1,0,0,1,1,0,1,1,0,1,1
Jorge Croissier Brito,4,2,2,2,2,2,2,2,2,2,2,2,2,2,2,2,2,2
Jorge Mateos Arriola,4,1,1,1,1,1,1,1,1,1,1,1,1,1,1,1,1,1
Jose Antonio Ciutad Cuevas,2,1,1,1,1,0,0,1,1,1,1,1,0,1,1,1,1,1
Josep Blat Gimeno,3,1,2,2,2,0,2,2,2,2,2,2,2,2,2,2,2,2
Josep Font Segura,4,3,7,2,2,7,7,2,7,7,7,7,7,7,7,7,7,7
Josep Prados Oliver,4,1,1,1,1,1,1,1,1,1,1,1,1,1,1,1,1,1
Justo Montoya Galvez,4,1,1,1,1,1,1,1,1,1,1,1,1,1,1,1,1,1
Jyoti Narang,4,2,2,2,1,1,1,2,2,2,1,1,1,2,2,2,1,2
Khadija el Aadmi Laamech,4,2,2,2,1,1,1,2,2,2,1,1,1,2,2,2,1,2
Luca Telloli,2,1,3,3,3,0,0,3,3,3,3,3,0,3,3,3,3,3
Ludovic Vincent Schwartz,4,1,1,1,1,1,1,1,1,1,1,1,1,1,1,1,1,1
Manuel Portela Charnejovsky,4,1,1,1,1,1,1,1,1,1,1,1,1,1,1,1,1,1
Marc Grau Leguia,4,1,1,1,1,1,1,1,1,1,1,1,1,1,1,1,1,1
Marc Yoshimi Beardsley,4,1,1,1,1,1,1,1,1,1,1,1,1,1,1,1,1,1
Marcelo Sánchez Ortega,4,3,3,2,2,2,2,2,2,3,2,3,3,2,3,3,3,3
Marco Moderato,4,1,1,1,1,1,1,1,1,1,1,1,1,1,1,1,1,1
Maria Araceli Morales Muñoz,4,1,1,1,1,1,1,1,1,1,1,1,1,1,1,1,1,1
Maria Inmaculada Villanueva Baxarias,4,2,2,2,2,2,2,2,2,2,2,2,2,2,2,2,2,2
Maria Segarra Queralt,4,1,1,1,1,1,1,1,1,1,1,1,1,1,1,1,1,1
Mariana Lourenço Seabra,1,1,1,0,0,0,1,0,0,1,0,1,1,0,1,1,1,1
Marina Estevez Almenzar,4,1,1,1,1,1,1,1,1,1,1,1,1,1,1,1,1,1
Marina Palma Lorita,4,1,1,1,1,1,1,1,1,1,1,1,1,1,1,1,1,1
Mario Gomez Barea,4,1,1,1,1,1,1,1,1,1,1,1,1,1,1,1,1,1
Marta Bellés Muñoz,4,1,1,1,1,1,1,1,1,1,1,1,1,1,1,1,1,1
Marta Manzanares Altes,4,3,4,4,4,4,4,4,4,4,4,4,4,4,4,4,4,4
Marta Saiz Vivó,4,1,1,1,1,1,1,1,1,1,1,1,1,1,1,1,1,1
Martín Rocamora Martinez,1,1,3,0,0,0,3,0,0,3,0,3,3,0,3,3,3,3
Mateu Busquets Vidal,1,1,2,0,2,0,0,2,0,0,2,2,0,2,2,0,2,2
Mehdi Dabirnia,4,2,2,1,1,2,2,1,2,2,2,2,2,2,2,2,2,2
Miguel Calvo Fullana,4,1,3,3,3,3,3,3,3,3,3,3,3,3,3,3,3,3
Miguel Ángel Cordobés Aranda,1,1,4,0,4,0,0,4,0,0,4,4,0,4,4,0,4,4
Miquel Oliver Riera,3,2,4,0,4,4,4,4,4,4,4,4,4,4,4,4,4,4
Miquel Vázquez Rius,2,1,2,2,2,0,0,2,2,2,2,2,0,2,2,2,2,2
Miriam Calvera Isabal,4,1,1,1,1,1,1,1,1,1,1,1,1,1,1,1,1,1
Mohamed Mostafa Ali Ben Zaghta,4,2,2,1,1,2,2,1,2,2,2,2,2,2,2,2,2,2
Mykola Trokhymovych,4,3,3,1,3,1,1,3,1,1,3,3,1,3,3,1,3,3
Narcis Parés Burguès,4,2,5,5,2,2,2,5,5,5,2,2,2,5,5,5,2,5
Nazif Can Tamer,4,1,1,1,1,1,1,1,1,1,1,1,1,1,1,1,1,1
Nicholas Matthew Evans,1,1,1,1,0,0,0,1,1,1,0,0,0,1,1,1,0,1
Nicolas Felipe Gutierrez Paez,4,1,1,1,1,1,1,1,1,1,1,1,1,1,1,1,1,1
Nikitas Paslis,3,1,1,1,1,1,0,1,1,1,1,1,1,1,1,1,1,1
Nneka Maureen Okolo,2,1,1,0,1,1,0,1,1,0,1,1,1,1,1,1,1,1
Nora Elsa Celis,4,2,2,2,2,2,2,2,2,2,2,2,2,2,2,2,2,2
Núria Costa Mirada,3,1,1,1,1,1,0,1,1,1,1,1,1,1,1,1,1,1
Oriol Bernat Marí,4,1,1,1,1,1,1,1,1,1,1,1,1,1,1,1,1,1
Oriol Julià Carrillo,4,2,2,2,2,2,2,2,2,2,2,2,2,2,2,2,2,2
Pablo Arias Martínez,4,3,6,3,5,3,1,5,6,4,6,6,3,6,6,6,6,6
Pablo Luis Garcia Garcia,3,1,1,1,1,0,1,1,1,1,1,1,1,1,1,1,1,1
Pathiranage Ishari Uthpala Amarasinghe,4,1,1,1,1,1,1,1,1,1,1,1,1,1,1,1,1,1
Patricia Carbajo Flores,4,2,4,2,4,4,4,4,4,4,4,4,4,4,4,4,4,4
Patricia Santos Rodíguez,4,3,4,4,3,3,3,4,4,4,3,3,3,4,4,4,3,4
Pau Pomés Arnau,4,1,1,1,1,1,1,1,1,1,1,1,1,1,1,1,1,1
Paula Bassagañas Òdena,4,1,2,2,2,2,2,2,2,2,2,2,2,2,2,2,2,2
Paula García Royo,4,1,1,1,1,1,1,1,1,1,1,1,1,1,1,1,1,1
Pedro Ramoneda Franco,4,1,1,1,1,1,1,1,1,1,1,1,1,1,1,1,1,1
Pratyush Pal Bera,4,2,2,2,2,1,1,2,2,2,2,2,1,2,2,2,2,2
Pritam Mishra,4,2,2,1,1,1,2,1,1,2,1,2,2,1,2,2,2,2
Rafael Pous Andrés,2,2,8,0,0,8,4,0,8,4,8,4,8,8,4,8,8,8
Rafael Ramírez Meléndez,1,1,4,4,0,0,0,4,4,4,0,0,0,4,4,4,0,4
Rahul Methari,2,1,1,1,1,0,0,1,1,1,1,1,0,1,1,1,1,1
Raimon Izard Serrano,4,1,1,1,1,1,1,1,1,1,1,1,1,1,1,1,1,1
Ralph Gregor Andrzejak,1,1,4,0,4,0,0,4,0,0,4,4,0,4,4,0,4,4
Ramon Francisco González Castillo,3,1,1,1,1,1,0,1,1,1,1,1,1,1,1,1,1,1
Rebeca Calderón Morón,3,1,1,0,1,1,1,1,1,1,1,1,1,1,1,1,1,1
Ricard Borrell Pol,2,1,1,1,1,0,0,1,1,1,1,1,0,1,1,1,1,1
Ricardo Baeza Yates,1,1,1,0,1,0,0,1,0,0,1,1,0,1,1,0,1,1
Ricardo Marques,1,1,3,0,0,0,3,0,0,3,0,3,3,0,3,3,3,3
Ruben Moreno Bote,4,1,1,1,1,1,1,1,1,1,1,1,1,1,1,1,1,1
Santiago Esteban Amaya Corredor,4,1,1,1,1,1,1,1,1,1,1,1,1,1,1,1,1,1
Santiago Julio Sanchez Devesa,1,1,1,0,0,1,0,0,1,0,1,0,1,1,0,1,1,1
Sena Beste Ercan,4,1,1,1,1,1,1,1,1,1,1,1,1,1,1,1,1,1
Sergi Jordà Puig,4,1,3,3,3,3,3,3,3,3,3,3,3,3,3,3,3,3
Sergi Laut Turon,2,1,1,1,1,0,0,1,1,1,1,1,0,1,1,1,1,1
Sergio Calo Oliveira,1,1,1,1,0,0,0,1,1,1,0,0,0,1,1,1,0,1
Shaddai Damaris Borja Mejia,4,1,1,1,1,1,1,1,1,1,1,1,1,1,1,1,1,1
Shatha Nawaf Mohammad Alkhasawneh,3,1,1,1,1,1,0,1,1,1,1,1,1,1,1,1,1,1
Silvia Butti,4,1,1,1,1,1,1,1,1,1,1,1,1,1,1,1,1,1
Simone Tassani,4,3,6,3,4,3,5,4,3,5,4,6,5,4,6,5,6,6
Sofia Tseranidou,4,1,1,1,1,1,1,1,1,1,1,1,1,1,1,1,1,1
Teodora Sandra Buda,4,1,2,2,2,2,2,2,2,2,2,2,2,2,2,2,2,2
Tomàs Winand Molné,2,1,1,1,1,0,0,1,1,1,1,1,0,1,1,1,1,1
Valentin Vincent Eric Comte,4,1,1,1,1,1,1,1,1,1,1,1,1,1,1,1,1,1
Vanesa Daza Fernández,4,2,5,5,5,5,3,5,5,5,5,5,5,5,5,5,5,5
Veronica Moreno Oliver,4,1,1,1,1,1,1,1,1,1,1,1,1,1,1,1,1,1
Vicenç Gómez Cerdà,4,1,3,3,3,3,3,3,3,3,3,3,3,3,3,3,3,3
Victor Emilio Ubieto Nogales,1,1,1,0,0,0,1,0,0,1,0,1,1,0,1,1,1,1
Victoria Rey Alzueta,4,1,1,1,1,1,1,1,1,1,1,1,1,1,1,1,1,1
Vladimir Estivill Castro,4,1,3,3,3,3,3,3,3,3,3,3,3,3,3,3,3,3
Víctor Dalmau Lloret,4,2,6,6,6,3,3,6,6,6,6,6,3,6,6,6,6,6
Xavier Armengol Nogués,1,1,1,0,1,0,0,1,0,0,1,1,0,1,1,0,1,1
Xavier Eduardo Lizarraga Seijas,4,2,4,1,1,1,4,1,1,4,1,4,4,1,4,4,4,4
Xavier Juanola Molet,4,1,1,1,1,1,1,1,1,1,1,1,1,1,1,1,1,1
Xavier Oliva Galvan,1,1,4,0,0,4,0,0,4,0,4,0,4,4,0,4,4,4
Yusuf Baran Tanriverdi,1,1,1,0,0,0,1,0,0,1,0,1,1,0,1,1,1,1
Àngel Lozano Solsona,1,2,7,0,0,7,0,0,7,0,7,0,7,7,0,7,7,7
